Title,Body (HTML),Vendor,Tags,Variant SKU,Variant Price,Image Src
Хоккей. Книга-тренер,"
Путь большинства известных хоккеистов начинался с дворовых площадок, замерзших прудов и катков в соседнем парке. Мы же предлагаем вам начать с этой книги. Издание поможет освоить правила, технические приемы, понять тактику хоккея, узнать тонкости стратегии. Предложенные упражнения разовьют силу, выносливость и смелость.",Усольцева Оксана ,"['Путешествия, автомобили, спорт', 'Спорт, самооборона', 'Виды спорта', 'Зимние виды спорта']",330517,1754,/home/vancho/Desktop/Kwork/Bukvoed/Scrapy Bukvoed/Bukvoed/results/images/330517.jpeg
Нина-девочка шестой луны кн.1,"
Никто не знает Мунни Витчер - Лунную Волшебницу, которая написала ""Девочку Шестой Луны"". Не знают - где она живет. Известно только, что у нее двенадцать кошек и две совы, которые помогают ей творить чудеса, готовить магические препараты и писать удивительные истории. <p> Лунная Волшебница считает, что каждый ребенок может стать алхимиком-волшебником, достаточно только знать тайный алфавит, которым написаны заклинания в Книге волшебства, иметь богатую фантазию, терпение и любить животных. <p> Главная героиня книг Лунной Волшебницы - девочка Нина, живет в Мадриде. Русское имя ей дал ее дедушка, Великий Маг и алхимик, который женился на испанской княгине Марии Луизе Эспасии де Ригейра и живет в Венеции. На ладони у Нины есть родимое пятнышко в форме звезды - знак великого алхимика. Именно оно сигнализирует о грозящей опасности. При загадочных обстоятельствах погибает дедушка Нины. И ее жизнь резко меняется. С помощью тайного алфавита алхимиков ей надо расшифровать записи дедушки и спасти Шестую Луну от коварного Князя зла Каркона. Для этого Нине придется превратиться в гнома, изготовить эликсир из зубов дракона, раскрыть тайну крылатого льва с площади святого Марка в Венеции, перенестись на другую планету, побывать на острове Пасхи, в Древнем Египте и на пирамидах Мексики… Их ожидают необычайные приключения! <p> Это не просто книга со множеством приключений и чудес. Одновременно она может стать для ребенка увлекательной игрой. Ведь для того, чтобы понять заклинания, написанные в книге, необходимо воспользоваться тайным алфавитом. С помощью этого алфавита можно отгадать магическую фразу, зашифрованную в книге, и… ПОЛУЧИТЬ В ПОДАРОК МАГНИТ или ДНЕВНИК АЛХИМИКА. <p> Автор нового бестселлера издательства ""Махаон"" - Муни Витчер. Это псевдоним известной итальянской криминальной журналистки Роберты Ризо. Днем Роберта - пишет о преступлениях, а ночью превращается в Лунную Волшебницу. Псевдоним и легенда о Лунной Волшебницы были созданы автором и издателями специально, чтобы отделить Роберту, которая пишет о насилии от Роберты, которая пишет сказки для детей.",Витчер М.,"['Литература для детей', 'Художественная литература', 'Фантастика']",330527,539,/home/vancho/Desktop/Kwork/Bukvoed/Scrapy Bukvoed/Bukvoed/results/images/330527.jpeg
Басни,"
В эту красочную книжку вошли известные басни И.А. Крылова.",Крылов Иван Андреевич,"['Литература для детей', 'Художественная литература', 'Проза']",330546,558,/home/vancho/Desktop/Kwork/Bukvoed/Scrapy Bukvoed/Bukvoed/results/images/330546.jpeg
Отчего и почему?,"
Современные ""почемучки"" хотят знать обо всем. Но, познавая окружающий мир, они нередко задают взрослым вопросы, на которые совсем не просто дать понятный ответ.<p> Почему в неделе семь дней?<br> Из чего состоят облака?<br> Сколько у человека костей?<br> Зачем королям корона?<br> Почему пингвины не летают?<br> Зачем деревьям листья? <p> Ответы на эти и многие другие вопросы собраны в энциклопедии ""Отчего и почему?"". Это хорошо иллюстрированное издание расскажет детям о загадках природы и древних цивилизаций, об исторических событиях и легендарных личностях, о животных, растениях и человеке. <p>Энциклопедия, написанная с юмором, живо и увлекательно, станет настольной книгой любознательного ребенка, интересующегося разными сведениями о мире, в котором он живет.",Ганери Анита ,"['Литература для детей', 'Детская научно-популярная литература', 'Универсальные детские энциклопедии и справочники']",330572,632,/home/vancho/Desktop/Kwork/Bukvoed/Scrapy Bukvoed/Bukvoed/results/images/330572.png
Сказки (ил. И. Егунова),"
В книге представлены Сказки Братьев Гримм ""Белоснежка и Алоцветик"", ""Золотой гусь"", ""Сладкая каша"", ""Хрустальный шар"" и другие. Переводчик - Плетников Григорий.",Братья Гримм ,"['Литература для детей', 'Художественная литература', 'Сказки']",330600,801,/home/vancho/Desktop/Kwork/Bukvoed/Scrapy Bukvoed/Bukvoed/results/images/330600.jpeg
Рок-н-ролл под Кремлем,"
При сносе московской гостиницы ""Интурист"" рабочие находят под полом аудиокассету с записью странного разговора и относят ее в ФСБ. Анализ показывает, что это запись вербовочной беседы, произошедшей 30 лет назад. Молодой лейтенант Евсеев ведет розыск завербованного шпиона, который переплетается с приключениями диггеров в таинственных московских подземельях, работой ЦРУ, ищущего подходы к государственным секретам России, буднями проституток-лилипутов... В конце концов Евсеев находит шпионский прибор, установленный на одном из полигонов в семидесятые годы, производит арест высокопоставленного военного... Но тот ли это человек, которого завербовали три десятилетия назад?",Корецкий Данил Аркадьевич,"['Художественная литература', 'Детективы, боевики, приключения', 'Отечественные', 'Боевик и криминал']",330685,444,/home/vancho/Desktop/Kwork/Bukvoed/Scrapy Bukvoed/Bukvoed/results/images/330685.jpeg
Рисую узоры: для детей 4-5 лет.,"
Данная книга является первой в серии изданий по обучению детей письму (вторая часть - ""Пишу буквы"", третья - ""Пишу красиво"". Упражнения, используемые в пособии, помогают развивать мелкую моторику рук, улучшают координацию движений, укрепляют руку ребенка и готовят ее к письму. Пальчиковые игры со стихотворным сопровождением способствуют развитию речи, интеллекта, творческой деятельности, вырабатывают ловкость, чувство ритма, тренируют память. Предназначено воспитателям дошкольных образовательных учреждений, гувернерам и родителям для занятий с детьми как в детском саду, так и в домашних условиях.",Егупова Валентина Александровна,"['Литература для детей', 'Дошкольное обучение, подготовка к школе', 'Общие развивающие методики']",330705,711,/home/vancho/Desktop/Kwork/Bukvoed/Scrapy Bukvoed/Bukvoed/results/images/330705.jpeg
Гэл-Мэлси в Сингапуре,"
Вторая часть приключений черного терьера Гел-Мэлси и ее друзей. В поисках священного камня, способного нарушить равновесие сил Добра и Зла, детективы едут в Сингапур, где вступают в схватку с двумя мафиозными кланами.",Медведева Ирина ,"['Художественная литература', 'Детективы, боевики, приключения', 'Отечественные']",330729,78,/home/vancho/Desktop/Kwork/Bukvoed/Scrapy Bukvoed/Bukvoed/results/images/330729.jpg
Самые великие города мира,"
Сегодня 3 миллиарда населения Земли живут в городах и населенных пунктах городского типа. В 2007 году количество городских жителей впервые превысит количество проживающих в сельской местности, а к 2030 году, по прогнозам специалистов ООН, достигнет 5 миллиардов, тогда как вне городских районов будут проживать 3,2 миллиарда человек. Крупные города существуют на Земле с древности, продолжая процветать и по сей день. Они сыграли огромную роль в развитии культуры, что нашло отражение в достижениях науки, искусства, архитектуры и индустриальном прогрессе. Однако только в течение последних 50 лет города буквально определяют нашу повседневную жизнь только недавно появились городские агломерации с населением от 20 до 30 миллионов человек.Эта книга описывает 56 из крупнейших и величайших городов мира. Некоторые из них, например Афины, Рим и Каир, очаровывали путешественников на протяжении тысячелетий. Возраст других составляет всего несколько столетий. Среди последних - Кейптаун, Сингапур, Сидней, а также Санкт-Петербург, основанный Петром Великим в начале XVIII столетия. Некоторые города занимают необъятные территории, их население постоянно и быстро растет. Другие, главным образом в Европе, насчитывают всего по несколько сот тысяч жителей величие этих городов связано с их историческим прошлым. Книга ""Самые великие города мира"" рассматривает цивилизацию через призму тех мест, которые были избраны человеком для своего проживания и в которых сформировались долговечные населенные пункты. Книга описывает историю и архитектуру этих городов, уделяя при этом значительное внимание их современной атмосфере и сегодняшнему строительству, тому пульсу, который делает город живым организмом.",Трифони Ж.,"['Искусство', 'Подарочные и миниатюрные издания', 'Искусство', 'Искусствоведение']",330742,4079,/home/vancho/Desktop/Kwork/Bukvoed/Scrapy Bukvoed/Bukvoed/results/images/330742.jpeg
"Антиуправление бизнесом, или Как не разрушить бизнес, улучшая его качество. 2-е изд., стер.... Шестаков А.Л., Маслов Д.В","
Многие умные люди в России говорят, что КАЧЕСТВО в современном бизнесе - это залог конкурентоспособности. И это правда! Вероятно, в магазине рядом с этой книгой вы увидите два-три замечательных издания о качестве, которые расскажут вам о мудрых японцах и их эффективных системах управления, о великих гуру качества, сделавших переворот в мировом менеджменте. Вполне возможно, что на полке вы также найдете какое-нибудь учебное пособие уважаемого отечественного автора о том, как важно и нужно внедрять системы менеджмента качества, чтобы добиться головокружительных успехов в бизнесе. НО... в этой книге авторы попытались отойти от уже сложившихся в России штампов и стереотипов в отношении quality management и показать свежий взгляд на проблемы качества в отечественном бизнесе. Сочетание иронического и аналитического стилей изложения подкреплено богатым практическим опытом авторов и здравым смыслом, что позволит вам взглянуть на вопросы управления качеством под новым углом и НЕ РАЗРУШИТЬ БИЗНЕС, УЛУЧШАЯ ЕГО КАЧЕСТВО. ОГЛАВЛЕНИЕПРЕДИСЛОВИЕ АВТОРОВВМЕСТО ВВЕДЕНИЯ (СКАЗКА ОБ ЭФФЕКТИВНОЙ СИСТЕМЕ УПРАВЛЕНИЯ).ГЛАВА 1. ГОСУДАРСТВЕННЫЕ СТАНДАРТЫ И КАЧЕСТВО ПРИТЧА Качество в законе ОТКРОВЕНИЕ О неизвестной стандартизации ГЛАВА 2. СНАЧАЛО БЫЛО СЛОВО, ИЛИ СТАНДАРТНЫЕ КОНСТРУКЦИИ ПРИТЧА Политика и тендер ОТКРОВЕНИЕ Размышление о шлагбаумах ГЛАВА 3. ИСОФРЕНИЯ ПРИТЧА ИСО пикчерс представляет: опасное внедрение ОТКРОВЕНИЕ ИСО 9001: 2000: иллюзии и реальность ГЛАВА 4. ПРОЦЕСНЫЙ ПОДХОД НЕ ПОДХОДИТ? ПРИТЧА Борьба с процессным подходом ОТКРОВЕНИЕ Процессы и финансы ГЛАВА 5. ФОКУСЫ С ПОТРЕБИТЕЛЕМ ПРИТЧА Явка с пуповиной ОТКРОВЕНИЕ Японский бог ГЛАВА 6. ПРИЗНАНИЕ КАЧЕСТВА И ПУТЬ К СОВЕРЕШЕНСТВУ ПРИТЧА Об успехе и его качестве ОТКРОВЕНИЕ Не все премии одинаково полезны ГЛАВА 7. БЕНЧМАРКИНГ, МАРКЕТИНГ, ИЛИ КАК ЕГО ТАМ ПРИТЧА На дне? Или особенности национального бенчмаркинга ОТКРОВЕНИЕ Стратегия перекрестного опыления ГЛАВА 8. КТО ПОСЛЕДНИЙ НА ПРИЕМ К ДОКТОРУ ДЕМИНГУ? ПРИТЧА Детективные истории ОТКРОВЕНИЕ Сместрельные болезни по Демингу и ошибки российских предприятий ВМЕСТО ЗАКЛЮЧЕНИЯ",Шестаков А.В.,"['Бизнес, экономика и право', 'Бизнес. Предпринимательство. Торговля']",330758,921,/home/vancho/Desktop/Kwork/Bukvoed/Scrapy Bukvoed/Bukvoed/results/images/330758.jpeg
Динозавры. Полная энциклопедия,"
Сейчас наша Земля - это планета людей, по соседству с которыми живут еще сотни тысяч видов живых существ. А 200 миллионов лет назад на нашей планете безраздельно царствовали динозавры. Мы представляем их огромными и свирепыми хищниками, но, оказывается, многие из них были травоядными. Хотя, несмотря на это, могли постоять за себя в суровой схватке за жизнь. Над созданием этой энциклопедии трудились самые известные ученые-палеонтологи из Кембриджского университета, а лучшие художники затратили много времени и сил на создание впечатляющих, максимально достоверных изображений динозавров и мира, в котором они обитали. Каковы были их истинные размеры и умственные способности, чем они питались, как и на кого охотились и почему в конце концов вымерли, где находят их останки и каким образом ученые работают над их изучением - на эти и еще на тысячи вопросов ответит эта энциклопедия, прочитать которую будет интересно и детям, и взрослым.","Кондрашова Л., ред.","['Литература для детей', 'Детская научно-популярная литература', 'Естественные науки']",330761,1622,/home/vancho/Desktop/Kwork/Bukvoed/Scrapy Bukvoed/Bukvoed/results/images/330761.jpeg
Семь Зверей Райлега. Терн,"
Терн из народа дхуссов, воин, философ, маг - кто он и зачем появился в Мире Семи Зверей? Кто преследует его и почему он никогда не рассказывает о своем прошлом даже тем, с кем сражался плечом к плечу? Какова его миссия, и не связана ли она с наступлениемна земли людей, аэлвов, сидхов и прочих разумных обитателей Райлега, страшной беды - Гнили, с которой не могут справиться ни Мастера Смерти страшной и загадочной страны Некрополиса, ни волшебники Державы Навсинай? А может быть, Терну предстоит стать последим аргументом в их многовековом и кровавом противостоянии?","Перумов, Ник ","['Художественная литература', 'Фантастика, фэнтези, мистика', 'Отечественная', 'Фэнтези']",330770,816,/home/vancho/Desktop/Kwork/Bukvoed/Scrapy Bukvoed/Bukvoed/results/images/330770.jpeg
Хочу читать: для детей 5-6 лет,"
Цель данного пособия - научить ребенка читать по слогам, писать печатными буквами слова и предложения. При этом ребенок учится различать гласные и согласные звуки и буквы, твердые и мягкие, звонкие и глухие согласные; определять ударную гласную и количество слогов в слове. Задания носят разнообразный характер и способствуют развитию внимания, мышления, памяти. В пособии широко используются стихи, загадки, скороговорки, что обогащает словарный запас ребенка, развивает его речевые навыки.",Егупова Валентина Александровна,"['Литература для детей', 'Дошкольное обучение, подготовка к школе', 'Обучение чтению']",330772,690,/home/vancho/Desktop/Kwork/Bukvoed/Scrapy Bukvoed/Bukvoed/results/images/330772.jpeg
Пятый элефант,"
Добро пожаловать в Убервальд! В страну, славную вековыми традициями, где до сих пор играют в такие замечательные игры, как ""попробуй убеги, чтобы тебя не сожрали"" и ""успей домой до захода солнца"". Здесь вас встретят ласково улыбающиеся вампиры, милые игривые вервольфы и радушные, отзывчивые гномы. А еще здесь лежит легендарный Пятый Слон, некогда упавший на Плоский мир и устроивший чудовищное дискотрясение. А еще здесь множество железа, золота и жировых месторождений - в общем, тех самых штук, которые до зарезу нужны такому цивилизованному городу, как Анк-Морпорк. Так что вперед, сэр Сэмюель Ваймс! Отныне вы - дипломат. Добудьте нам всего побольше и подешевле. Добро пожаловать в гостеприимный и смертоносный Убервальд! Ну что, Анк-Морпорк, побегаем?",Пратчетт Терри ,"['Художественная литература', 'Фантастика, фэнтези, мистика', 'Зарубежная', 'Фэнтези']",330775,711,/home/vancho/Desktop/Kwork/Bukvoed/Scrapy Bukvoed/Bukvoed/results/images/330775.jpeg
Сказки,"
Вашему вниманию предлагается сборник сказок Шарля Перро.",Перро Шарль ,"['Литература для детей', 'Художественная литература', 'Сказки']",330783,791,/home/vancho/Desktop/Kwork/Bukvoed/Scrapy Bukvoed/Bukvoed/results/images/330783.jpeg
Сказы (ил. М. Митрофанова),"
В настоящее издание включены наиболее популярные сказы. В них тесно переплетаются фантастические персонажи: Хозяйка Медной горы, Огневушка-Поскакушка, Великий Полоз, бабка Синюшка - и образы трудовых людей старого Урала: ""мастеров по каменному делу"", ""золотодобытчиков"".",Бажов Павел Петрович,"['Литература для детей', 'Художественная литература', 'Сказки']",330785,1041,/home/vancho/Desktop/Kwork/Bukvoed/Scrapy Bukvoed/Bukvoed/results/images/330785.jpeg
Узнаю звуки и буквы: для детей 4-5 лет,"
Основная задача данной книги - подготовить ребенка, незнакомого с буквами, к обучению чтению. Система разнообразных заданий направлена на развитие связной речи, мышления, внимания, памяти, творческого воображения. Регулярно занимаясь по пособию, малыш научится читать по слогам двух-трехсложные слова, определять звуки в словах, составлять рассказ по картинке, писать печатные буквы и несложные слова. Предназначено воспитателям дошкольных образовательных учреждений, гувернерам и родителям для занятий с детьми как в детском саду, так и в домашних условиях.",Пятак Светлана Викторовна,"['Литература для детей', 'Дошкольное обучение, подготовка к школе', 'Обучение чтению']",330790,728,/home/vancho/Desktop/Kwork/Bukvoed/Scrapy Bukvoed/Bukvoed/results/images/330790.jpeg
Пишу буквы: для детей 5-6 лет,"
Вслед за книгой ""Рисую узоры"" данное пособие продолжает формировать графические навыки и обучать письму печатных букв. Письмо в среднем и старшем дошкольном возрасте подразумевает ""печатание"" букв, слогов и слов, что позволяет в дальнейшем легко распознавать буквы при чтении. Порядок изучения букв, предложенный в занятиях, большое количество разнообразных подготовительных, тренировочных и творческих заданий помогут ребенку быстро овладеть навыками чтения и письма. Пособие предназначено воспитателям дошкольных образовательных учреждений, гувернерам и родителям для домашних занятий с детьми по подготовке к школе.",Володина Наталья Владимировна,"['Литература для детей', 'Дошкольное обучение, подготовка к школе', 'Обучение чтению']",330792,690,/home/vancho/Desktop/Kwork/Bukvoed/Scrapy Bukvoed/Bukvoed/results/images/330792.jpg
Пишу красиво. Для детей 6-7 лет.,"
Данная книга является заключительной частью курса по формированию графических навыков и обучению детей письму курсивных букв (первая часть — «Рисую узоры», вторая часть — «Пишу буквы»). Обучая письму, педагог обращает внимание, прежде всего, на развитие глазомера, отработку правильного способа держания ручки, формирование двигательных навыков руки и умения писать по строке. Решению этих задач способствуют графические упражнения, предлагаемые в данном пособии. Основное назначение пособия — научить ребенка писать, различать буквы и читать слова, написанные курсивным письмом. Пособие предназначено воспитателям дошкольных образовательных учреждений, гувернерам и родителям для занятий с детьми по подготовке к школе.",Володина Наталья Владимировна,"['Литература для детей', 'Дошкольное обучение, подготовка к школе', 'Общие развивающие методики']",330791,690,/home/vancho/Desktop/Kwork/Bukvoed/Scrapy Bukvoed/Bukvoed/results/images/330791.jpeg
Начинаю считать. Для детей 4-5 лет,"
В предлагаемой книге ребенок знакомится с числами в пределах десяти, учится их сравнивать, знакомится с геометрическими фигурами, обучается порядковому счету, сравнивает числа, считает по порядку, а также учится решать примеры на сложение и вычитание в пределах десятка, прибавляя и вычитая 1. Юный читатель познакомится с понятиями «больше», «меньше», «столько же», «увеличить», «уменьшить». В пособие включены упражнения на развитие восприятия, памяти и мышления. Книга рекомендуется для работы с детьми младшего дошкольного возраста как на групповых занятиях в детском саду, так и в домашних условиях под руководством родителей.",Пьянкова Елена Анатольевна,"['Литература для детей', 'Дошкольное обучение, подготовка к школе', 'Обучение счету']",330793,690,/home/vancho/Desktop/Kwork/Bukvoed/Scrapy Bukvoed/Bukvoed/results/images/330793.jpeg
Пришельцы государственной важности. Военная тайна,"
Эта первая отечественная книга, основанная на документах из военных архивов, об инопланетянах, летающих тарелках, контактах с внеземными цивилизациями и о параллельных мирах от известного документалиста, автора и ведущего программы ""Военная тайна"" Игоря Прокопенко.",Прокопенко Игорь Станиславович,"['Психология и эзотерика', 'Эзотерика, парапсихология и тайны', 'Таинственные явления в природе и истории']",330955,479,/home/vancho/Desktop/Kwork/Bukvoed/Scrapy Bukvoed/Bukvoed/results/images/330955.jpeg
Я расту: Стихи,"
В этой книге ваш малыш познакомится с чудесными стихами Агнии Львовны Барто. Написанные прекрасным слогом и пронизанные любовью к детям, они дадут вашему ребенку возможность почувствовать всю прелесть родного языка. Для дошкольного и младшего школьного возраста.&nbsp;","Барто, Агния Львовна","['Литература для детей', 'Художественная литература', 'Стихи и песни']",330984,486,/home/vancho/Desktop/Kwork/Bukvoed/Scrapy Bukvoed/Bukvoed/results/images/330984.png
"Игры, в которые играют люди. Люди, которые играют в игры","
Перед вами одна из основополагающих культовых книг по психологии человеческих взаимоотношений. Система, разработанная Берном, призвана избавить человека от влияния жизненных сценариев, программирующих его поведение, научить его меньше ""играть"" в отношениях с собой и другими, обрести подлинную свободу и побудить к личностному росту. В этой книге читатель найдет много полезных советов, которые помогут понять природу человеческого общения, мотивы собственных и чужих поступков и причины возникновения конфликтов. По мнению автора, судьба каждого из нас во многом определяется еще в раннем детстве, однако в зрелом возрасте она вполне может быть осознана и управляема человеком, если он этого захочет. Именно с публикации этого международного бестселлера в нашей стране начался ""психологический бум"", когда миллионы людей вдруг осознали, что психология может быть невероятно интересной, что с ее помощью можно многое понять в себе и других.",Берн Эрик ,"['Психология и эзотерика', 'Психология', 'Межличностные коммуникации']",330992,956,/home/vancho/Desktop/Kwork/Bukvoed/Scrapy Bukvoed/Bukvoed/results/images/330992.jpeg
Последний континент,"
Бывает, не везет людям. А бывает - целым континентам. Он создавался в последнюю очередь. Даже имя ему выпало какое-то несуразное - ИксиксИкс. Зато много-много лет спустя на него выпал Ринсвинд, самый невезучий и трусливый волшебник на Плоском мире. И именно на Ринсвинда возложена великая миссия - спасти этот несчастный континент. Правда, чтобы эту миссию возложить, надо сначала Ринсвинда догнать…",Пратчетт Терри ,"['Художественная литература', 'Фантастика, фэнтези, мистика', 'Зарубежная', 'Фэнтези']",330996,711,/home/vancho/Desktop/Kwork/Bukvoed/Scrapy Bukvoed/Bukvoed/results/images/330996.jpeg
Самоучитель по рисованию акварелью,"
Читателям предлагается современный самоучитель, представляющий собой уникальное собрание художественных приемов работы акварелью. .Эта книга бесценна для тех, кто только начал знакомиться с такой интересной техникой, как акварель, и любопытна тем, кто уже начал работать с ней. Готовые приемы позволят начинающим художникам развиваться как творчески, так и технически, экономя время и силы для дальнейшего профессионального роста. .Эффективная, наглядная и современная методика обучения направлена на раскрытие природного потенциала и дает возможность овладеть простыми и доступными художественными навыками.",Шматова Ольга Валериевна,"['Искусство', 'Живопись и графика', 'Техники и приемы']",330998,591,/home/vancho/Desktop/Kwork/Bukvoed/Scrapy Bukvoed/Bukvoed/results/images/330998.jpeg
"Шьем со звездами кино, эстрады, телевидения","
Дорогие читатели, вы держите в руках уникальное издание, являющееся результатом совместного творчества талантливых российских модельеров, звезд эстрады, кино и телевидения. Здесь представлена коллекция моделей, которые можно сшить, обладая определенными навыками портновского искусства. Каждое изделие отражает индивидуальность и неповторимость стиля героинь. Особенность книги состоит еще и в том, что в ней публикуется серия интервью со звездами на самые разные темы, касающиеся их жизни, профессиональной деятельности и представлений о моде в целом. 
Информация, собранная на этих страничках, несомненно, принесет вам практическую и эстетическую пользу.",Яицких В.,"['Домашний круг', 'Домоводство, рукоделие']",331027,474,/home/vancho/Desktop/Kwork/Bukvoed/Scrapy Bukvoed/Bukvoed/results/images/331027.jpeg
Подводный мир. Полная энциклопедия (мел.),"
Книга ""Подводный мир. Полная энциклопедия""— не только рассказ о всех подводных жителях, среди которых и рыбы, и амфибии, и млекопитающие, но и полный путеводитель по водам Мирового океана, а также рек и озер. Если вы хотите совершить путешествие вокруг света под водой— это та самая книга! Она будет полезна на школьных занятиях как дополнительное чтение и справочное пособие.",Школьник Юлия Константиновна,"['Литература для детей', 'Детская научно-популярная литература', 'Естественные науки']",331103,1386,/home/vancho/Desktop/Kwork/Bukvoed/Scrapy Bukvoed/Bukvoed/results/images/331103.jpeg
К оружию! К оружию!,"
Слушайте, новобранцы, вам выпала великая честь - вы, всякие этнические меньшинства типа гномов, троллей и женщин, вступаете в Ночную Стражу! А это - ваша дубинка! Вы будете ее есть, ею спать, а когда вам скажут прыгать, вы должны ответить: «Какого цвета?»! И еще, в кармане каждого солдата лежат фельдмаршальские пуговицы! А теперь - десять кругов вокруг Анк-Морпорка!",Пратчетт Терри ,"['Художественная литература', 'Фантастика, фэнтези, мистика', 'Зарубежная', 'Фэнтези']",331105,690,/home/vancho/Desktop/Kwork/Bukvoed/Scrapy Bukvoed/Bukvoed/results/images/331105.jpeg
Рай на земле,"
Яна Темиз После окончания филологического факультета МГУ Яна Темиз резко изменила свою жизнь. Она оставила преподавание и уехала в далекую Турцию. Что было тому причиной? Конечно, любовь. Любимый муж, трое детей… Но стать простой домохозяйкой в турецком Измире Яне Темиз было не суждено. У нее появилось удивительное хобби — она стала писать детективные романы. И теперь читателю остается только гадать — что из написанного было пережито самой Яной Темиз. «Рай на земле» — блестящий детектив в стиле Агаты Кристи, действие которого происходит в одном из отелей Антальи. Те читатели, которые уже побывали в Турции, получат массу удовольствия от узнавания точных деталей, а те, кто только собирается в поездку, смогут пощекотать себе нервы подробностями «закулисной» жизни фешенебельных курортов. Рекомендовано для отдыха в Турции!",Темиз Я.,"['Художественная литература', 'Детективы, боевики, приключения', 'Отечественные']",331128,224,/home/vancho/Desktop/Kwork/Bukvoed/Scrapy Bukvoed/Bukvoed/results/images/331128.jpeg
Коктейль для Барби,"
Круиз по Карибским островам – такой подарок получила Каролина, героиня романа «Коктейль для Барби», от своего возлюбленного Мариуса. В это путешествие счастливая пара отправилась вместе. Разумеется, никто и предположить не мог, что отпуск обернется необычайным приключением и буквально перевернет всю жизнь Каролины. Ведь она получит предложение вести ток-шоу на телевидении в прайм-тайм! И вот когда передача имеет грандиозный успех и кажется, что все складывается как нельзя лучше, в жизни Каролины появляется Роланд Дункель… Что это, новая большая любовь? Или просто сон?",Вольф Ш.фон,"['Художественная литература', 'Сентиментальный роман', 'Зарубежный']",331155,240,/home/vancho/Desktop/Kwork/Bukvoed/Scrapy Bukvoed/Bukvoed/results/images/331155.jpeg
Брачный транзит: Москва - Париж - Лондон,"
Надя Лоули (урожд. Александрова) родилась в СССР. В конце восьмидесятых вышла замуж за гражданина Франции и уехала в Париж. Преподавала русский язык на знаменитых курсах «Школа – 2000». Работала в журнале «Эхо России», принимала участие в создании русско-французской газеты «Телеграф». Печаталась в периодических изданиях Франции и Англии. В настоящее время живет в Лондоне. Авантюрный роман из жизни русской Золушки! Между Александрой Стюарт, женой лондонского банкира, и Алькой Захаровой, журналисткой ленинградской газеты «Смена», лежит целая жизнь, в которой было все: любовь, предательство, большой риск, разочарование, несказанная удача и снова любовь. Жизнь заставила Альку пуститься в авантюру, которая могла стоить ей жизни. Она оказалась в компании валютных проституток, она была на крючке у КГБ, но случай в лице парижского музыканта не отвернулся от нее...",Лоули Надя ,"['Художественная литература', 'Сентиментальный роман', 'Отечественный']",331158,212,/home/vancho/Desktop/Kwork/Bukvoed/Scrapy Bukvoed/Bukvoed/results/images/331158.jpeg
Олимпийская дистанция красоты,"
Эта книга — настоящий старт автора по дорожке красоты и совершенства. Она посвящена женщинам, которые не привыкли останавливаться перед препятствиями, мириться с возрастом, морщинами и целлюлитом. «Олимпийская дистанция красоты» — практическое руководство для тех, кто хочет независимо от материального достатка, вида деятельности, статуса поддержать свое здоровье и красоту, не истязая себя чрезмерными тренировками и утомительными походами по СПА-салонам. Все упражнения, предложенные Светланой Мастерковой, можно делать дома у плиты, на рабочем месте, долгожданном отдыхе. Упражнения протестированы ею самой и удобно разделены на комплексы для тех мышц тела, которые являются для вас проблемными в данный момент. С юмором, иронично и откровенно Светлана Мастеркова раскрывает тайны спортивного успеха, секреты олимпийских площадок, цену золота, загадки мировых рекордов и жестокой расплаты за успех. Книга поможет вам без особого труда изменить себя и отношение к своему телу. Эффективные упражнения для всех групп мышц проиллюстрированы фотографиями.",Мастеркова С.,"['Медицина, здоровье, дети', 'Красота. Здоровье. Секс', 'Фитнес и аэробика']",331234,468,/home/vancho/Desktop/Kwork/Bukvoed/Scrapy Bukvoed/Bukvoed/results/images/331234.jpeg
Маскарад,"
Шоу должно продолжаться! 
Хахахахахаха! [Примечание: здесь и далее безумный смех принадлежит Призраку Оперы]. Даже если кто-то умер [Хахаха!!!], нужно оттащить его в сторонку и, и все равно продолжать шоу. И ни в коем случае нельзя занимать ложу номер 8, ведь она предназначена для того самого Призрака, который дарит успешным певицам стебли от роз и между делом зачем-то убивает людей. [Хахаха!!!] 
А что, если его прогнать по улицам города и скинуть в реку Анк, дабы злодею неповадно было? [Хахаха???]",Пратчетт Терри ,"['Художественная литература', 'Фантастика, фэнтези, мистика', 'Зарубежная', 'Фэнтези']",331242,690,/home/vancho/Desktop/Kwork/Bukvoed/Scrapy Bukvoed/Bukvoed/results/images/331242.jpeg
Интересные времена,"
Предупреждение: поскольку речь в дальнейшем пойдет о крайне щекотливых вопросах, нижеследующая аннотация написана дипломатическим языком. 
Это совсем не новая книжка Терри Пратчетта, и собственно, ее никто не ждал. В Анк-Морпорк вовсе не прилетал альбатрос из Агатовой империи и не доставлял письмо с требованием немедленно прислать Великого Волшебника. В результате чего Ринсвинда (очень редкий, вымирающий вид волшебника трусливого) не посылают на Противовесный континент с секретной миссией (абсолютно невыполнимой, тем более что речь идет о Ринсвинде). 
Также к повествованию не имеет отношения великий Коэн-Варвар (легенда при жизни, жизнь при легенде), собравший огромную (общим числом - семь человек) Серебряную Орду и движущийся на Гункунг, столицу Агатовой империи (население - около миллиона человек, из них - сорок тысяч стражников). 
Да, мы еще забыли упомянуть про армию невидимых призраков-вампиров (общим числом - два миллиона триста тысяч девять), поддерживающую Коэна, но об этом - тс-с-с… 
Мы же не хотим, чтобы распространялась паника?",Пратчетт Терри ,"['Художественная литература', 'Фантастика, фэнтези, мистика', 'Зарубежная', 'Фэнтези']",331285,711,/home/vancho/Desktop/Kwork/Bukvoed/Scrapy Bukvoed/Bukvoed/results/images/331285.jpeg
"Эрик, а также Ночная Стража, ведьмы и Коэн-Варвар","
Он вернулся! Нет, похоже, вы не поняли. Он вернулся!!! Он - это Ринсвинд, самый неудачливый волшебник на Диске. Правда, на сей раз куда больше не повезло Эрику, начинающему демонологу, который и вызвал к себе в магический круг ходячее воплощение всех бед и неприятностей Плоского мира. В эпизодических ролях - Коэн-Варвар (варвар), матушка Ветровоск (ведьма), а также Ночная Стража (полный комплект).
",Пратчетт Терри ,"['Художественная литература', 'Фантастика, фэнтези, мистика', 'Зарубежная', 'Фэнтези']",331290,711,/home/vancho/Desktop/Kwork/Bukvoed/Scrapy Bukvoed/Bukvoed/results/images/331290.jpeg
Роковая музыка,"
Привет, Анк-Морпорк! Это музыка, в которой звучит глас Рока, внемлите сейчас, не то потом будет поздно! Она вытащит вашу душу, вытряхнет, как коврик, и повесит сушиться на забор! Она сведет с ума весь Незримый Университет, заставив волшебников сшить себе кожаные мантии и перекрасить стены спален в черный цвет! Она породит гитарную эпидемию в Анк-Морпорке и устроит в Гад-парке самый Бесплатежный Фестиваль, что когда-либо видел Плоский мир! Для справки: это еще не все проблемы. Смерть тем временем опять пошел в народ…",Пратчетт Терри ,"['Художественная литература', 'Фантастика, фэнтези, мистика', 'Зарубежная', 'Фэнтези']",331292,711,/home/vancho/Desktop/Kwork/Bukvoed/Scrapy Bukvoed/Bukvoed/results/images/331292.jpeg
Патриот,"
Дорогие сограждане и все те, кто случайно забрел в Анк-Морпорк! Безусловно, все вы уже слышали, что из моря поднялась исконно анк-морпоркская земля, славный остров по имени Лешп. Однако всем известные внучатые племянники шакала, живущие по другую сторону моря, нагло брешут, будто это их исконная земля, хотя документы, подписанные и заверенные нашими почтенными историками, которым мы, анкморпоркцы, всегда доверяли, - так вот эти документы однозначно подтверждают: Лешп - наш! Не дадим же отчизну в обиду! Патриоты мы или нет?! Дабы сэкономить место, мы не приводим воззвание, распространявшееся между жителями Клатча. Желающим узнать его содержание следует заменить ""Анк-Морпорк"" на ""Клатч"".",Пратчетт Терри ,"['Художественная литература', 'Фантастика, фэнтези, мистика', 'Зарубежная', 'Фэнтези']",331294,711,/home/vancho/Desktop/Kwork/Bukvoed/Scrapy Bukvoed/Bukvoed/results/images/331294.jpeg
Ведьмы за границей,"
Представьте себе: вы идете, никого не трогаете, и вдруг вам на голову падает фермерский домик, который принес неведомо откуда взявшийся ураган... Или вы - честный волк, промышляющий поросятами да серыми козлами, но внезапно вам в голову приходит абсолютно сумасшедшая идея - отправиться за тридевять земель и сожрать какую-то жилистую, невкусную старуху. Причем подспудно вы чувствуете, что за это с вас сдерут шкуру, но все равно следуете этому странному, словно навязанному вам желанию. Вот что происходит, когда злые силы начинают играть со сказками, из которых соткана ткань самой Вселенной... ",Пратчетт Терри ,"['Художественная литература', 'Фантастика, фэнтези, мистика', 'Зарубежная', 'Фэнтези']",331295,711,/home/vancho/Desktop/Kwork/Bukvoed/Scrapy Bukvoed/Bukvoed/results/images/331295.jpeg
Сын Деда Мороза,"
«Сын Деда Мороза» — новый роман Елены Гараевой. Художница Марьяша в канун Нового года неожиданно становится обладательницей трех старинных марионеток, но куклы сразу же исчезают. Марьяша и ее друзья начинают поиски и обнаруживают, что за куклами идет настоящая охота. Старая актриса театра марионеток, подпольные знатоки антиквариата, художники, врачи и оперативники — все невольно получают роль в этом импровизированном представлении. Разгадку знают лишь куклы, но они не умеют говорить...",Гараева Е.,"['Художественная литература', 'Детективы, боевики, приключения', 'Отечественные']",331317,275,/home/vancho/Desktop/Kwork/Bukvoed/Scrapy Bukvoed/Bukvoed/results/images/331317.jpeg
Посох и шляпа,"
И придет восьмой сын восьмого сына, и покачнется Плоский мир, и поскачут по земле четыре всадника (увы, без лошадей, ибо их увел какой-то ворюга) Абокралипсиса. А крайний, как всегда, Ринсвинд, самый неумелый волшебник на Диске.",Пратчетт Терри ,"['Художественная литература', 'Фантастика, фэнтези, мистика', 'Зарубежная', 'Фэнтези']",331331,711,/home/vancho/Desktop/Kwork/Bukvoed/Scrapy Bukvoed/Bukvoed/results/images/331331.jpeg
Вещие сестрички,"
Король умер, да здравствует король!… Впрочем, какой именно король здравствует? Тот, что в призрака превратился? Или его убийца, самозванец, который вроде бы слегка тронулся умом? А тут еще земля ожила… И ведьмы… И принц-наследник, подрабатывающий актером… Нет, всё, мы умываем руки. Сами читайте. ",Пратчетт Терри ,"['Художественная литература', 'Фантастика, фэнтези, мистика', 'Зарубежная', 'Фэнтези']",331380,690,/home/vancho/Desktop/Kwork/Bukvoed/Scrapy Bukvoed/Bukvoed/results/images/331380.jpeg
Басни,"
В книгу вошли басни ""Волк и ягненок"", ""Волк на псарне"", ""Ворона и лисица"", ""Лебедь, щука и рак"", ""Мартышка и очки"", ""Слон и моська"", ""Орел и крот"" и другие.",Крылов Иван Андреевич,"['Литература для детей', 'Художественная литература', 'Стихи и песни']",331383,434,/home/vancho/Desktop/Kwork/Bukvoed/Scrapy Bukvoed/Bukvoed/results/images/331383.jpeg
Безумная звезда,"
Он висел над пропастями, бежал от злобных богов и падал с Края Плоского Мира. Но ничто не в силах погубить славного Ринсвинда, самого неумелого и трусливого волшебника Диска. Также в ролях: Двацветок (турист), Октаво (волшебная книга заклинаний), Сундук (сундук), Коэн (варвар), друиды, герои и прочие обитатели Плоского Мира.",Пратчетт Терри ,"['Художественная литература', 'Фантастика, фэнтези, мистика', 'Зарубежная', 'Фэнтези']",331384,690,/home/vancho/Desktop/Kwork/Bukvoed/Scrapy Bukvoed/Bukvoed/results/images/331384.png
Фонд,"
Когда меньше всего ждешь, в нашу жизнь вмешивается «Его величество случай» и своевольно диктует свои законы развития событий. И тогда понимаешь, что уже нельзя просто плыть по течению, что нужно бороться и выживать ради тех, кого любишь, не обращая внимания на слабую, предательскую мысль — спасать себя, и только себя... Книги Татьяны и Олега Алексеенковых — это не просто детективы. Это остросюжетные романы, в которых интрига выстроена по всем правилам, а действия героев порой непредсказуемы и чреваты неожиданными последствиями. Впрочем, они не виноваты в том, что не желают становиться пешками в чужой политической игре, даже если одна из играющих сторон — вездесущее КГБ или испанская мафия. Жизнь — слишком ценная вещь, чтобы продавать ее за бриллианты чистейшей воды.",Алексеенковы Т. и О.,"['Художественная литература', 'Детективы, боевики, приключения', 'Отечественные']",331427,191,/home/vancho/Desktop/Kwork/Bukvoed/Scrapy Bukvoed/Bukvoed/results/images/331427.jpeg
Класс,"
Многомиллионные сделки, роскошные женщины, мощные машины... Как сложно добиться всего этого и как легко потерять, когда криминальные структуры берут тебя на прицел! Кто сможет остановить беспредельщиков? Об этом вы узнаете из боевика Татьяны и Олега Алексеенковых «Класс». Со времен Бушкова и Марининой вы не читали ничего подобного!",Алексеенко В.А.,"['Художественная литература', 'Детективы, боевики, приключения', 'Отечественные']",331426,215,/home/vancho/Desktop/Kwork/Bukvoed/Scrapy Bukvoed/Bukvoed/results/images/331426.jpeg
Мрачный Жнец,"
Смерть умер - да здравствует Смерть! Вернее, не совсем умер, но стал смертным, и время в его песочных часах-жизнеизмерителе стремительно утекает. Но только представьте, что произойдет: старого Смерти уже нет, а новый еще не появился. Бардак? Бардак. У вас назначена встреча со Смертью, а Мрачный Жнец вдруг возьми и не явись. Приходится душе возвращаться в прежнее тело, хоть оно уже и мертво…",Пратчетт Терри ,"['Художественная литература', 'Фантастика, фэнтези, мистика', 'Зарубежная', 'Фэнтези']",331526,690,/home/vancho/Desktop/Kwork/Bukvoed/Scrapy Bukvoed/Bukvoed/results/images/331526.jpeg
